{
  "discounts": [
    {
      "id": 1,
      "description": "«LA П’ЄЦ» турбується про своїх клієнтів. Львів – велике і сучасне місто, тому ми стараємось цінувати Ваш час так само, як цінуєте його Ви. Наша доставка завжди з’являється біля ваших дверей вчасно. Якщо ні – замовник отримує промокод на безкоштовну піцу до наступного замовлення **.",
      "imagePath": "https://la.ua/wp-content/uploads/2021/08/1-1-1.jpg"
    },
    {
      "description": "Якщо ваш друг, зробить у нас замовлення завдяки вашим рекомендаціям, то ви обоє гарантовано отримаєте по 100 грн.",
      "imagePath": "https://la.ua/wp-content/uploads/2021/08/6-1.jpg",
      "id": 2
    }
  ]
}